Change 71116 mnguyen <Matthieu.Nguyen@comverse.com> (Matthieu Nguyen)
Change 71117 ptran <Peter.Tran@Comverse.com> (Peter Tran)
Change 71118 nsuser <Marc.Aubert@comverse.com> (Build User)
Change 71119 nsuser <Marc.Aubert@comverse.com> (Build User)
Change 71120 nsuser <Marc.Aubert@comverse.com> (Build User)
Change 71121 nsuser <Marc.Aubert@comverse.com> (Build User)
Change 71123 michel <michel@michel> (michel)
Change 71125 michel <michel@michel> (michel)
Change 71126 michel <michel@michel> (michel)
Change 71127 michel <michel@michel> (michel)
Change 71128 michel <michel@michel> (michel)
Change 71129 michel <michel@michel> (michel)
Change 71130 michel <michel@michel> (michel)
Change 71131 alenfant <Arnaud.Lenfant@comverse.com> (Arnaud Lenfant)
Change 71132 michel <michel@michel> (michel)
Change 71134 rgueho <Raphael.Gueho@comverse.com> (Raphael Gueho)
Change 71135 rgueho <Raphael.Gueho@comverse.com> (Raphael Gueho)
Change 71138 pveuve <paul-emile.veuve@comverse.com> (Paul-Emile Veuve)
Change 71139 nsuser <Marc.Aubert@comverse.com> (Build User)
Change 71140 nsuser <Marc.Aubert@comverse.com> (Build User)
Change 71142 nsuser <Marc.Aubert@comverse.com> (Build User)
Change 71143 nsuser <Marc.Aubert@comverse.com> (Build User)
Change 71144 nsuser <Marc.Aubert@comverse.com> (Build User)
Change 71145 nsuser <Marc.Aubert@comverse.com> (Build User)
Change 71146 anicklaus <Arnaud.Nicklaus@comverse.com> (Arnaud Nicklaus)
Change 71147 anicklaus <Arnaud.Nicklaus@comverse.com> (Arnaud Nicklaus)
Change 71148 alenoir <Alexandre.Lenoir@comverse.com> (Alexandre Lenoir)
Change 71149 fmoitel <Frederic.Moitel@comverse.com> (Frederic Moitel)
Change 71150 nsuser <Marc.Aubert@comverse.com> (Build User)
Change 71151 fmoitel <Frederic.Moitel@comverse.com> (Frederic Moitel)
Change 71152 nsuser <Marc.Aubert@comverse.com> (Build User)
Change 71153 michel <michel@michel> (michel)
Change 71154 dstrelb <dmitry.strelbytsky@comverse.com> (dmitry strelbytsky)
Change 71155 michel <michel@michel> (michel)
Change 71156 rgueho <Raphael.Gueho@comverse.com> (Raphael Gueho)
Change 71157 rgueho <Raphael.Gueho@comverse.com> (Raphael Gueho)
Change 71158 rgueho <Raphael.Gueho@comverse.com> (Raphael Gueho)
Change 71159 ctran <Canh.Tran@comverse.com> (Canh Tran)
Change 71160 dstrelb <dmitry.strelbytsky@comverse.com> (dmitry strelbytsky)
Change 71161 rgueho <Raphael.Gueho@comverse.com> (Raphael Gueho)
Change 71162 ptran <Peter.Tran@Comverse.com> (Peter Tran)
Change 71163 dstrelb <dmitry.strelbytsky@comverse.com> (dmitry strelbytsky)
Change 71164 mayoung <Mark.Young@comverse.com> (Mark Young)
Change 71165 dsun <david.sun@comverse.com> (David Sun)
Change 71166 nsuser <Marc.Aubert@comverse.com> (Build User)
Change 71167 nsuser <Marc.Aubert@comverse.com> (Build User)
Change 71169 alenoir <Alexandre.Lenoir@comverse.com> (Alexandre Lenoir)
Change 71170 alenoir <Alexandre.Lenoir@comverse.com> (Alexandre Lenoir)
Change 71171 alenoir <Alexandre.Lenoir@comverse.com> (Alexandre Lenoir)
Change 71172 pveuve <paul-emile.veuve@comverse.com> (Paul-Emile Veuve)
Change 71173 anicklaus <Arnaud.Nicklaus@comverse.com> (Arnaud Nicklaus)
Change 71174 anicklaus <Arnaud.Nicklaus@comverse.com> (Arnaud Nicklaus)
Change 71175 ipachki <Ilya.Pachkine@comverse.com> (Ilya Pachkine)
Change 71178 rgueho <Raphael.Gueho@comverse.com> (Raphael Gueho)
Change 71179 anicklaus <Arnaud.Nicklaus@comverse.com> (Arnaud Nicklaus)
Change 71181 dstrelb <dmitry.strelbytsky@comverse.com> (dmitry strelbytsky)
Change 71182 mnguyen <Matthieu.Nguyen@comverse.com> (Matthieu Nguyen)
Change 71183 ktang <kenneth.tang@comverse.com> (Kenneth Tang)
Change 71184 dstrelb <dmitry.strelbytsky@comverse.com> (dmitry strelbytsky)
Change 71185 pveuve <paul-emile.veuve@comverse.com> (Paul-Emile Veuve)
Change 71186 nsuser <Marc.Aubert@comverse.com> (Build User)
Change 71187 ktang <kenneth.tang@comverse.com> (Kenneth Tang)
Change 71188 nsuser <Marc.Aubert@comverse.com> (Build User)
Change 71189 nsuser <Marc.Aubert@comverse.com> (Build User)
Change 71190 michel <michel@michel> (michel)
Change 71191 nsuser <Marc.Aubert@comverse.com> (Build User)
Change 71192 minelhaj <Mohamed.Inelhaj@comverse.com> (Mohamed Inelhaj)
Change 71193 anicklaus <Arnaud.Nicklaus@comverse.com> (Arnaud Nicklaus)
Change 71194 nsuser <Marc.Aubert@comverse.com> (Build User)
Change 71195 nsuser <Marc.Aubert@comverse.com> (Build User)
Change 71196 nsuser <Marc.Aubert@comverse.com> (Build User)
Change 71197 nsuser <Marc.Aubert@comverse.com> (Build User)
Change 71198 nsuser <Marc.Aubert@comverse.com> (Build User)
Change 71199 nsuser <Marc.Aubert@comverse.com> (Build User)
Change 71200 anicklaus <Arnaud.Nicklaus@comverse.com> (Arnaud Nicklaus)
Change 71202 perforce <Marc.Aubert@comverse.com> (Perforce SuperUser)
Change 71204 perforce <Marc.Aubert@comverse.com> (Perforce SuperUser)
Change 71205 nsuser <Marc.Aubert@comverse.com> (Build User)
Change 71206 nsuser <Marc.Aubert@comverse.com> (Build User)
Change 71207 nsuser <Marc.Aubert@comverse.com> (Build User)
Change 71208 nsuser <Marc.Aubert@comverse.com> (Build User)
Change 71209 anicklaus <Arnaud.Nicklaus@comverse.com> (Arnaud Nicklaus)
Change 71210 ipachki <Ilya.Pachkine@comverse.com> (Ilya Pachkine)
Change 71211 anicklaus <Arnaud.Nicklaus@comverse.com> (Arnaud Nicklaus)
Change 71212 dsun <david.sun@comverse.com> (David Sun)
Change 71213 anicklaus <Arnaud.Nicklaus@comverse.com> (Arnaud Nicklaus)
Change 71214 ktang <kenneth.tang@comverse.com> (Kenneth Tang)
Change 71215 rgueho <Raphael.Gueho@comverse.com> (Raphael Gueho)
Change 71216 rgueho <Raphael.Gueho@comverse.com> (Raphael Gueho)
Change 71217 nsuser <Marc.Aubert@comverse.com> (Build User)
Change 71218 nsuser <Marc.Aubert@comverse.com> (Build User)
Change 71219 nsuser <Marc.Aubert@comverse.com> (Build User)
Change 71220 nsuser <Marc.Aubert@comverse.com> (Build User)
Change 71221 nsuser <Marc.Aubert@comverse.com> (Build User)
Change 71222 nsuser <Marc.Aubert@comverse.com> (Build User)
Change 71223 nsuser <Marc.Aubert@comverse.com> (Build User)
Change 71224 nsuser <Marc.Aubert@comverse.com> (Build User)
Change 71225 nsuser <Marc.Aubert@comverse.com> (Build User)
Change 71226 nsuser <Marc.Aubert@comverse.com> (Build User)
Change 71227 nsuser <Marc.Aubert@comverse.com> (Build User)
Change 71228 anicklaus <Arnaud.Nicklaus@comverse.com> (Arnaud Nicklaus)
Change 71229 nsuser <Marc.Aubert@comverse.com> (Build User)
Change 71230 alenfant <Arnaud.Lenfant@comverse.com> (Arnaud Lenfant)
Change 71231 nsuser <Marc.Aubert@comverse.com> (Build User)
Change 71232 nsuser <Marc.Aubert@comverse.com> (Build User)
Change 71233 anicklaus <Arnaud.Nicklaus@comverse.com> (Arnaud Nicklaus)
Change 71234 dsun <david.sun@comverse.com> (David Sun)
Change 71235 michel <michel@michel> (michel)
Change 71236 michel <michel@michel> (michel)
Change 71237 nsuser <Marc.Aubert@comverse.com> (Build User)
Change 71238 nsuser <Marc.Aubert@comverse.com> (Build User)
Change 71239 nsuser <Marc.Aubert@comverse.com> (Build User)
Change 71242 dsun <david.sun@comverse.com> (David Sun)
Change 71243 nsuser <Marc.Aubert@comverse.com> (Build User)
Change 71244 nsuser <Marc.Aubert@comverse.com> (Build User)
Change 71245 nsuser <Marc.Aubert@comverse.com> (Build User)
Change 71247 pveuve <paul-emile.veuve@comverse.com> (Paul-Emile Veuve)
Change 71248 nsuser <Marc.Aubert@comverse.com> (Build User)
Change 71249 anicklaus <Arnaud.Nicklaus@comverse.com> (Arnaud Nicklaus)
Change 71251 nsuser <Marc.Aubert@comverse.com> (Build User)
Change 71252 nsuser <Marc.Aubert@comverse.com> (Build User)
Change 71253 nsuser <Marc.Aubert@comverse.com> (Build User)
Change 71254 nsuser <Marc.Aubert@comverse.com> (Build User)
Change 71255 nsuser <Marc.Aubert@comverse.com> (Build User)
Change 71256 nsuser <Marc.Aubert@comverse.com> (Build User)
Change 71257 nsuser <Marc.Aubert@comverse.com> (Build User)
Change 71258 nsuser <Marc.Aubert@comverse.com> (Build User)
Change 71259 nsuser <Marc.Aubert@comverse.com> (Build User)
Change 71260 nsuser <Marc.Aubert@comverse.com> (Build User)
Change 71261 nsuser <Marc.Aubert@comverse.com> (Build User)
Change 71262 nsuser <Marc.Aubert@comverse.com> (Build User)
Change 71263 nsuser <Marc.Aubert@comverse.com> (Build User)
Change 71264 nsuser <Marc.Aubert@comverse.com> (Build User)
Change 71265 nsuser <Marc.Aubert@comverse.com> (Build User)
Change 71267 minelhaj <Mohamed.Inelhaj@comverse.com> (Mohamed Inelhaj)
Change 71268 minelhaj <Mohamed.Inelhaj@comverse.com> (Mohamed Inelhaj)
Change 71269 nsuser <Marc.Aubert@comverse.com> (Build User)
Change 71270 nsuser <Marc.Aubert@comverse.com> (Build User)
Change 71271 nsuser <Marc.Aubert@comverse.com> (Build User)
Change 71273 nsuser <Marc.Aubert@comverse.com> (Build User)
Change 71274 nsuser <Marc.Aubert@comverse.com> (Build User)
Change 71275 alenoir <Alexandre.Lenoir@comverse.com> (Alexandre Lenoir)
Change 71276 nsuser <Marc.Aubert@comverse.com> (Build User)
Change 71277 nsuser <Marc.Aubert@comverse.com> (Build User)
Change 71278 nsuser <Marc.Aubert@comverse.com> (Build User)
Change 71279 dsun <david.sun@comverse.com> (David Sun)
Change 71280 nsuser <Marc.Aubert@comverse.com> (Build User)
Change 71281 anicklaus <Arnaud.Nicklaus@comverse.com> (Arnaud Nicklaus)
Change 71282 nsuser <Marc.Aubert@comverse.com> (Build User)
Change 71283 nsuser <Marc.Aubert@comverse.com> (Build User)
Change 71284 nsuser <Marc.Aubert@comverse.com> (Build User)
Change 71285 jtsui <Jeanne.Tsui@comverse.com> (Jeanne Tsui)
Change 71286 nsuser <Marc.Aubert@comverse.com> (Build User)
Change 71287 nsuser <Marc.Aubert@comverse.com> (Build User)
Change 71288 nsuser <Marc.Aubert@comverse.com> (Build User)
Change 71289 nsuser <Marc.Aubert@comverse.com> (Build User)
Change 71290 nsuser <Marc.Aubert@comverse.com> (Build User)
Change 71291 nsuser <Marc.Aubert@comverse.com> (Build User)
Change 71292 alenfant <Arnaud.Lenfant@comverse.com> (Arnaud Lenfant)
Change 71293 anicklaus <Arnaud.Nicklaus@comverse.com> (Arnaud Nicklaus)
Change 71294 nsuser <Marc.Aubert@comverse.com> (Build User)
Change 71295 nsuser <Marc.Aubert@comverse.com> (Build User)
Change 71296 nsuser <Marc.Aubert@comverse.com> (Build User)
Change 71297 anicklaus <Arnaud.Nicklaus@comverse.com> (Arnaud Nicklaus)
Change 71298 nsuser <Marc.Aubert@comverse.com> (Build User)
Change 71299 nsuser <Marc.Aubert@comverse.com> (Build User)
Change 71300 nsuser <Marc.Aubert@comverse.com> (Build User)
Change 71301 nsuser <Marc.Aubert@comverse.com> (Build User)
Change 71302 nsuser <Marc.Aubert@comverse.com> (Build User)
Change 71305 nsuser <Marc.Aubert@comverse.com> (Build User)
Change 71306 nsuser <Marc.Aubert@comverse.com> (Build User)
Change 71307 nsuser <Marc.Aubert@comverse.com> (Build User)
Change 71308 nsuser <Marc.Aubert@comverse.com> (Build User)
Change 71309 nsuser <Marc.Aubert@comverse.com> (Build User)
Change 71310 nsuser <Marc.Aubert@comverse.com> (Build User)
Change 71311 nsuser <Marc.Aubert@comverse.com> (Build User)
Change 71312 nsuser <Marc.Aubert@comverse.com> (Build User)
Change 71313 nsuser <Marc.Aubert@comverse.com> (Build User)
Change 71316 alenoir <Alexandre.Lenoir@comverse.com> (Alexandre Lenoir)
Change 71317 nsuser <Marc.Aubert@comverse.com> (Build User)
Change 71318 alenoir <Alexandre.Lenoir@comverse.com> (Alexandre Lenoir)
Change 71319 nsuser <Marc.Aubert@comverse.com> (Build User)
Change 71320 alenfant <Arnaud.Lenfant@comverse.com> (Arnaud Lenfant)
Change 71321 nsuser <Marc.Aubert@comverse.com> (Build User)
Change 71322 perforce <Marc.Aubert@comverse.com> (Perforce SuperUser)
Change 71323 perforce <Marc.Aubert@comverse.com> (Perforce SuperUser)
Change 71324 nsuser <Marc.Aubert@comverse.com> (Build User)
Change 71326 nsuser <Marc.Aubert@comverse.com> (Build User)
Change 71327 anicklaus <Arnaud.Nicklaus@comverse.com> (Arnaud Nicklaus)
Change 71328 perforce <Marc.Aubert@comverse.com> (Perforce SuperUser)
Change 71329 nsuser <Marc.Aubert@comverse.com> (Build User)
Change 71330 nsuser <Marc.Aubert@comverse.com> (Build User)
Change 71331 nsuser <Marc.Aubert@comverse.com> (Build User)
Change 71332 ctran <Canh.Tran@comverse.com> (Canh Tran)
Change 71333 ctran <Canh.Tran@comverse.com> (Canh Tran)
Change 71334 alenfant <Arnaud.Lenfant@comverse.com> (Arnaud Lenfant)
Change 71335 mdaninos <Michael.Daninos@comverse.com> (Michael Daninos)
Change 71336 ctran <Canh.Tran@comverse.com> (Canh Tran)
Change 71337 nsuser <Marc.Aubert@comverse.com> (Build User)
Change 71338 ctran <Canh.Tran@comverse.com> (Canh Tran)
Change 71339 alenoir <Alexandre.Lenoir@comverse.com> (Alexandre Lenoir)
Change 71340 ctran <Canh.Tran@comverse.com> (Canh Tran)
Change 71341 anicklaus <Arnaud.Nicklaus@comverse.com> (Arnaud Nicklaus)
Change 71342 ktang <kenneth.tang@comverse.com> (Kenneth Tang)
Change 71343 pveuve <paul-emile.veuve@comverse.com> (Paul-Emile Veuve)
Change 71344 ctran <Canh.Tran@comverse.com> (Canh Tran)
Change 71345 nsuser <Marc.Aubert@comverse.com> (Build User)
Change 71346 nsuser <Marc.Aubert@comverse.com> (Build User)
Change 71347 nsuser <Marc.Aubert@comverse.com> (Build User)
Change 71348 nsuser <Marc.Aubert@comverse.com> (Build User)
Change 71349 nsuser <Marc.Aubert@comverse.com> (Build User)
Change 71351 ctran <Canh.Tran@comverse.com> (Canh Tran)
Change 71352 ctran <Canh.Tran@comverse.com> (Canh Tran)
Change 71353 jtsui <Jeanne.Tsui@comverse.com> (Jeanne Tsui)
Change 71354 ktang <kenneth.tang@comverse.com> (Kenneth Tang)
Change 71355 nsuser <Marc.Aubert@comverse.com> (Build User)
Change 71356 nsuser <Marc.Aubert@comverse.com> (Build User)
Change 71357 nsuser <Marc.Aubert@comverse.com> (Build User)
Change 71358 nsuser <Marc.Aubert@comverse.com> (Build User)
Change 71359 nsuser <Marc.Aubert@comverse.com> (Build User)
Change 71360 nsuser <Marc.Aubert@comverse.com> (Build User)
Change 71361 nsuser <Marc.Aubert@comverse.com> (Build User)
Change 71362 nsuser <Marc.Aubert@comverse.com> (Build User)
Change 71363 nsuser <Marc.Aubert@comverse.com> (Build User)
Change 71364 nsuser <Marc.Aubert@comverse.com> (Build User)
Change 71365 nsuser <Marc.Aubert@comverse.com> (Build User)
Change 71366 nsuser <Marc.Aubert@comverse.com> (Build User)
Change 71367 nsuser <Marc.Aubert@comverse.com> (Build User)
Change 71368 nsuser <Marc.Aubert@comverse.com> (Build User)
Change 71369 nsuser <Marc.Aubert@comverse.com> (Build User)
Change 71370 nsuser <Marc.Aubert@comverse.com> (Build User)
Change 71371 nsuser <Marc.Aubert@comverse.com> (Build User)
Change 71372 pveuve <paul-emile.veuve@comverse.com> (Paul-Emile Veuve)
Change 71373 nsuser <Marc.Aubert@comverse.com> (Build User)
Change 71374 pveuve <paul-emile.veuve@comverse.com> (Paul-Emile Veuve)
Change 71375 pveuve <paul-emile.veuve@comverse.com> (Paul-Emile Veuve)
Change 71376 perforce <Marc.Aubert@comverse.com> (Perforce SuperUser)
Change 71377 nsuser <Marc.Aubert@comverse.com> (Build User)
Change 71378 nsuser <Marc.Aubert@comverse.com> (Build User)
Change 71381 dstrelb <dmitry.strelbytsky@comverse.com> (dmitry strelbytsky)
Change 71382 dstrelb <dmitry.strelbytsky@comverse.com> (dmitry strelbytsky)
Change 71383 dstrelb <dmitry.strelbytsky@comverse.com> (dmitry strelbytsky)
Change 71384 nsuser <Marc.Aubert@comverse.com> (Build User)
Change 71385 dstrelb <dmitry.strelbytsky@comverse.com> (dmitry strelbytsky)
Change 71386 nsuser <Marc.Aubert@comverse.com> (Build User)
Change 71387 alenoir <Alexandre.Lenoir@comverse.com> (Alexandre Lenoir)
Change 71389 rgueho <Raphael.Gueho@comverse.com> (Raphael Gueho)
Change 71390 rgueho <Raphael.Gueho@comverse.com> (Raphael Gueho)
Change 71391 nsuser <Marc.Aubert@comverse.com> (Build User)
Change 71392 nsuser <Marc.Aubert@comverse.com> (Build User)
Change 71393 mayoung <Mark.Young@comverse.com> (Mark Young)
Change 71394 dstrelb <dmitry.strelbytsky@comverse.com> (dmitry strelbytsky)
Change 71395 dstrelb <dmitry.strelbytsky@comverse.com> (dmitry strelbytsky)
Change 71396 dstrelb <dmitry.strelbytsky@comverse.com> (dmitry strelbytsky)
Change 71397 dstrelb <dmitry.strelbytsky@comverse.com> (dmitry strelbytsky)
Change 71398 nsuser <Marc.Aubert@comverse.com> (Build User)
Change 71399 nsuser <Marc.Aubert@comverse.com> (Build User)
Change 71400 nsuser <Marc.Aubert@comverse.com> (Build User)
Change 71401 nsuser <Marc.Aubert@comverse.com> (Build User)
Change 71402 nsuser <Marc.Aubert@comverse.com> (Build User)
Change 71403 nsuser <Marc.Aubert@comverse.com> (Build User)
Change 71404 nsuser <Marc.Aubert@comverse.com> (Build User)
Change 71405 alenfant <Arnaud.Lenfant@comverse.com> (Arnaud Lenfant)
Change 71406 minelhaj <Mohamed.Inelhaj@comverse.com> (Mohamed Inelhaj)
Change 71408 nsuser <Marc.Aubert@comverse.com> (Build User)
Change 71409 perforce <Marc.Aubert@comverse.com> (Perforce SuperUser)
Change 71410 perforce <Marc.Aubert@comverse.com> (Perforce SuperUser)
Change 71411 perforce <Marc.Aubert@comverse.com> (Perforce SuperUser)
Change 71412 alenfant <Arnaud.Lenfant@comverse.com> (Arnaud Lenfant)
Change 71413 pveuve <paul-emile.veuve@comverse.com> (Paul-Emile Veuve)
Change 71414 pveuve <paul-emile.veuve@comverse.com> (Paul-Emile Veuve)
Change 71415 nsuser <Marc.Aubert@comverse.com> (Build User)
Change 71416 alenfant <Arnaud.Lenfant@comverse.com> (Arnaud Lenfant)
Change 71417 alenfant <Arnaud.Lenfant@comverse.com> (Arnaud Lenfant)
Change 71418 rgueho <Raphael.Gueho@comverse.com> (Raphael Gueho)
Change 71419 alenfant <Arnaud.Lenfant@comverse.com> (Arnaud Lenfant)
Change 71420 perforce <Marc.Aubert@comverse.com> (Perforce SuperUser)
Change 71421 nsuser <Marc.Aubert@comverse.com> (Build User)
Change 71422 nsuser <Marc.Aubert@comverse.com> (Build User)
Change 71423 alenfant <Arnaud.Lenfant@comverse.com> (Arnaud Lenfant)
Change 71425 nsuser <Marc.Aubert@comverse.com> (Build User)
Change 71426 nsuser <Marc.Aubert@comverse.com> (Build User)
Change 71427 nsuser <Marc.Aubert@comverse.com> (Build User)
Change 71428 nsuser <Marc.Aubert@comverse.com> (Build User)
Change 71429 nsuser <Marc.Aubert@comverse.com> (Build User)
Change 71430 nsuser <Marc.Aubert@comverse.com> (Build User)
Change 71431 nsuser <Marc.Aubert@comverse.com> (Build User)
Change 71432 nsuser <Marc.Aubert@comverse.com> (Build User)
Change 71433 nsuser <Marc.Aubert@comverse.com> (Build User)
Change 71434 nsuser <Marc.Aubert@comverse.com> (Build User)
Change 71435 pveuve <paul-emile.veuve@comverse.com> (Paul-Emile Veuve)
Change 71436 nsuser <Marc.Aubert@comverse.com> (Build User)
Change 71437 nsuser <Marc.Aubert@comverse.com> (Build User)
Change 71438 nsuser <Marc.Aubert@comverse.com> (Build User)
Change 71439 nsuser <Marc.Aubert@comverse.com> (Build User)
Change 71440 nsuser <Marc.Aubert@comverse.com> (Build User)
Change 71441 nsuser <Marc.Aubert@comverse.com> (Build User)
Change 71442 nsuser <Marc.Aubert@comverse.com> (Build User)
Change 71443 asingh <Asit.Singh@comverse.com> (Asit Singh)
Change 71444 dstrelb <dmitry.strelbytsky@comverse.com> (dmitry strelbytsky)
Change 71445 ctran <Canh.Tran@comverse.com> (Canh Tran)
Change 71446 nsuser <Marc.Aubert@comverse.com> (Build User)
Change 71447 nsuser <Marc.Aubert@comverse.com> (Build User)
Change 71448 nsuser <Marc.Aubert@comverse.com> (Build User)
Change 71449 nsuser <Marc.Aubert@comverse.com> (Build User)
Change 71450 nsuser <Marc.Aubert@comverse.com> (Build User)
Change 71451 nsuser <Marc.Aubert@comverse.com> (Build User)
Change 71452 nsuser <Marc.Aubert@comverse.com> (Build User)
Change 71453 pveuve <paul-emile.veuve@comverse.com> (Paul-Emile Veuve)
Change 71454 pveuve <paul-emile.veuve@comverse.com> (Paul-Emile Veuve)
Change 71455 jklug <Jim.Klug@comverse.com> (Jim Klug)
Change 71456 nsuser <Marc.Aubert@comverse.com> (Build User)
Change 71457 nsuser <Marc.Aubert@comverse.com> (Build User)
Change 71458 nsuser <Marc.Aubert@comverse.com> (Build User)
Change 71459 nsuser <Marc.Aubert@comverse.com> (Build User)
Change 71460 nsuser <Marc.Aubert@comverse.com> (Build User)
Change 71461 nsuser <Marc.Aubert@comverse.com> (Build User)
Change 71462 nsuser <Marc.Aubert@comverse.com> (Build User)
Change 71463 nsuser <Marc.Aubert@comverse.com> (Build User)
Change 71464 nsuser <Marc.Aubert@comverse.com> (Build User)
Change 71465 jklug <Jim.Klug@comverse.com> (Jim Klug)
Change 71466 nsuser <Marc.Aubert@comverse.com> (Build User)
Change 71467 nsuser <Marc.Aubert@comverse.com> (Build User)
Change 71468 pveuve <paul-emile.veuve@comverse.com> (Paul-Emile Veuve)
Change 71469 nsuser <Marc.Aubert@comverse.com> (Build User)
Change 71470 jklug <Jim.Klug@comverse.com> (Jim Klug)
Change 71471 perforce <Marc.Aubert@comverse.com> (Perforce SuperUser)
Change 71472 jklug <Jim.Klug@comverse.com> (Jim Klug)
Change 71473 nsuser <Marc.Aubert@comverse.com> (Build User)
Change 71474 nsuser <Marc.Aubert@comverse.com> (Build User)
Change 71475 jklug <Jim.Klug@comverse.com> (Jim Klug)
Change 71476 nsuser <Marc.Aubert@comverse.com> (Build User)
Change 71477 nsuser <Marc.Aubert@comverse.com> (Build User)
Change 71478 nsuser <Marc.Aubert@comverse.com> (Build User)
Change 71479 gls <Guillaume.LeStum@comverse.com> (Guillaume Le Stum)
Change 71480 perforce <Marc.Aubert@comverse.com> (Perforce SuperUser)
Change 71481 gls <Guillaume.LeStum@comverse.com> (Guillaume Le Stum)
Change 71482 nsuser <Marc.Aubert@comverse.com> (Build User)
Change 71483 nsuser <Marc.Aubert@comverse.com> (Build User)
Change 71484 nsuser <Marc.Aubert@comverse.com> (Build User)
